"Plant_Name","URL","Biomes","Biome_Count"
"Abutilon eremitopetalum","http://nativeplants.hawaii.edu/plant/view/Abutilon_eremitopetalum","Dry Forest",1
"Abutilon incanum","http://nativeplants.hawaii.edu/plant/view/Abutilon_incanum","Dry Forest | Dry Shrubland | Dry Grassland",3
"Abutilon menziesii","http://nativeplants.hawaii.edu/plant/view/Abutilon_menziesii","Dry Forest",1
"Abutilon sandwicense","http://nativeplants.hawaii.edu/plant/view/Abutilon_sandwicense","Dry Forest",1
"Acacia koa","http://nativeplants.hawaii.edu/plant/view/Acacia_koa","",0
"Acacia koaia","http://nativeplants.hawaii.edu/plant/view/Acacia_koaia","",0
"Achyranthes splendens","http://nativeplants.hawaii.edu/plant/view/Achyranthes_splendens","Dry Forest",1
"Achyranthes splendens var. rotundata","http://nativeplants.hawaii.edu/plant/view/Achyranthes_splendens_rotundata","",0
"Achyranthes splendens var. splendens","http://nativeplants.hawaii.edu/plant/view/Achyranthes_splendens_splendens","Dry Forest",1
"Adiantum capillus-veneris","http://nativeplants.hawaii.edu/plant/view/Adiantum_capillus-veneris","Coastal Strand",1
"Alphitonia ponderosa","http://nativeplants.hawaii.edu/plant/view/Alphitonia_ponderosa","Wet Forest | Mesic Forest",2
"Alyxia stellata","http://nativeplants.hawaii.edu/plant/view/Alyxia_stellata","Wet Forest | Wet Shrubland",2
"Argemone glauca","http://nativeplants.hawaii.edu/plant/view/Argemone_glauca","Coastal Strand",1
"Artemisia australis","http://nativeplants.hawaii.edu/plant/view/Artemisia_australis","",0
"Artemisia mauiensis","http://nativeplants.hawaii.edu/plant/view/Artemisia_mauiensis","",0
"Asplenium nidus","http://nativeplants.hawaii.edu/plant/view/Asplenium_nidus","Mesic Forest",1
"Astelia menziesiana","http://nativeplants.hawaii.edu/plant/view/Astelia_menziesiana","",0
"Bacopa monnieri","http://nativeplants.hawaii.edu/plant/view/Bacopa_monnieri","Wetland",1
"Bidens asymmetrica","http://nativeplants.hawaii.edu/plant/view/Bidens_asymmetrica","Wet Forest | Mesic Forest",2
"Bidens cosmoides","http://nativeplants.hawaii.edu/plant/view/Bidens_cosmoides","Wet Forest | Mesic Forest",2
"Bidens hawaiensis","http://nativeplants.hawaii.edu/plant/view/Bidens_hawaiensis","Wet Forest | Mesic Forest | Wet Shrubland | Mesic Shrubland",4
"Bidens micrantha","http://nativeplants.hawaii.edu/plant/view/Bidens_micrantha","Wet Forest | Mesic Forest | Wet Shrubland | Mesic Shrubland | Wet Grassland | Mesic Grassland",6
"Bidens micrantha subsp. micrantha","http://nativeplants.hawaii.edu/plant/view/Bidens_micrantha_micrantha","Wet Forest | Mesic Forest | Wet Shrubland | Mesic Shrubland | Wet Grassland | Mesic Grassland",6
"Bolboschoenus maritimus","http://nativeplants.hawaii.edu/plant/view/Bolboschoenus_maritimus","Coastal Strand",1
"Bonamia menziesii","http://nativeplants.hawaii.edu/plant/view/Bonamia_menziesii","Wet Forest | Mesic Forest",2
"Brighamia insignis","http://nativeplants.hawaii.edu/plant/view/Brighamia_insignis","",0
"Brighamia rockii","http://nativeplants.hawaii.edu/plant/view/Brighamia_rockii","",0
"Canavalia pubescens","http://nativeplants.hawaii.edu/plant/view/Canavalia_pubescens","Dry Forest",1
"Capparis sandwichiana","http://nativeplants.hawaii.edu/plant/view/Capparis_sandwichiana","Coastal Strand",1
"Carex alligata","http://nativeplants.hawaii.edu/plant/view/Carex_alligata","Wet Forest",1
"Carex meyenii","http://nativeplants.hawaii.edu/plant/view/Carex_meyenii","Wet Forest | Mesic Forest",2
"Carex wahuensis subsp. wahuensis","http://nativeplants.hawaii.edu/plant/view/Carex_wahuensis_wahuensis","Wet Forest | Mesic Forest | Wet Shrubland | Mesic Shrubland | Coastal Strand",5
"Cenchrus agrimonioides","http://nativeplants.hawaii.edu/plant/view/Cenchrus_agrimonioides","",0
"Charpentiera obovata","http://nativeplants.hawaii.edu/plant/view/Charpentiera_obovata","Wet Forest | Mesic Forest",2
"Charpentiera ovata","http://nativeplants.hawaii.edu/plant/view/Charpentiera_ovata","",0
"Charpentiera ovata var. niuensis","http://nativeplants.hawaii.edu/plant/view/Charpentiera_ovata_niuensis","",0
"Charpentiera ovata var. ovata","http://nativeplants.hawaii.edu/plant/view/Charpentiera_ovata_ovata","Wet Forest | Mesic Forest",2
"Chenopodium oahuense","http://nativeplants.hawaii.edu/plant/view/Chenopodium_oahuense","",0
"Chrysodracon aurea","http://nativeplants.hawaii.edu/plant/view/Pleomele_aurea","Wet Forest | Mesic Forest",2
"Chrysodracon auwahiensis","http://nativeplants.hawaii.edu/plant/view/Pleomele_auwahiensis","Wet Forest | Mesic Forest",2
"Chrysodracon fernaldii","http://nativeplants.hawaii.edu/plant/view/Pleomele_fernaldii","Dry Forest",1
"Chrysodracon forbesii","http://nativeplants.hawaii.edu/plant/view/Pleomele_forbesii","Wet Forest | Mesic Forest | Dry Forest",3
"Chrysodracon halapepe","http://nativeplants.hawaii.edu/plant/view/Pleomele_halapepe","Wet Forest | Mesic Forest",2
"Chrysodracon hawaiiensis","http://nativeplants.hawaii.edu/plant/view/Pleomele_hawaiiensis","",0
"Cibotium chamissoi","http://nativeplants.hawaii.edu/plant/view/Cibotium_chamissoi","Wet Forest | Mesic Forest",2
"Cibotium glaucum","http://nativeplants.hawaii.edu/plant/view/Cibotium_glaucum","Wet Forest | Mesic Forest",2
"Cibotium menziesii","http://nativeplants.hawaii.edu/plant/view/Cibotium_menziesii","Wet Forest | Mesic Forest",2
"Cladium jamaicense","http://nativeplants.hawaii.edu/plant/view/Cladium_jamaicense","Wetland",1
"Clermontia arborescens","http://nativeplants.hawaii.edu/plant/view/Clermontia_arborescens","Wet Forest | Mesic Forest",2
"Clermontia arborescens subsp. waihiae","http://nativeplants.hawaii.edu/plant/view/Clermontia_arborescens_waihiae","Wet Forest | Mesic Forest",2
"Cocculus orbiculatus","http://nativeplants.hawaii.edu/plant/view/Cocculus_orbiculatus","Mesic Forest | Dry Forest | Mesic Grassland | Dry Grassland",4
"Colubrina asiatica","http://nativeplants.hawaii.edu/plant/view/Colubrina_asiatica","Coastal Strand",1
"Colubrina oppositifolia","http://nativeplants.hawaii.edu/plant/view/Colubrina_oppositifolia","Wet Forest | Mesic Forest",2
"Coprosma ernodeoides","http://nativeplants.hawaii.edu/plant/view/Coprosma_ernodeoides","Wetland",1
"Coprosma montana","http://nativeplants.hawaii.edu/plant/view/Coprosma_montana","Wet Forest | Mesic Forest",2
"Coprosma rhynchocarpa","http://nativeplants.hawaii.edu/plant/view/Coprosma_rhynchocarpa","Wet Forest | Mesic Forest",2
"Cordia subcordata","http://nativeplants.hawaii.edu/plant/view/Cordia_subcordata","",0
"Cyanea angustifolia","http://nativeplants.hawaii.edu/plant/view/Cyanea_angustifolia","Wet Forest | Mesic Forest",2
"Cyclosorus hudsonianus","http://nativeplants.hawaii.edu/plant/view/Cyclosorus_hudsonianus","Wet Forest | Mesic Forest",2
"Cyclosorus interruptus","http://nativeplants.hawaii.edu/plant/view/Cyclosorus_interruptus","Wetland",1
"Cyperus javanicus","http://nativeplants.hawaii.edu/plant/view/Cyperus_javanicus","Wetland | Coastal Strand",2
"Cyperus laevigatus","http://nativeplants.hawaii.edu/plant/view/Cyperus_laevigatus","Coastal Strand",1
"Cyperus trachysanthos","http://nativeplants.hawaii.edu/plant/view/Cyperus_trachysanthos","",0
"Delissea kauaiensis","http://nativeplants.hawaii.edu/plant/view/Delissea_kauaiensis","Wet Forest | Mesic Forest",2
"Delissea rhytidosperma","http://nativeplants.hawaii.edu/plant/view/Delissea_rhytidosperma","Wet Forest | Mesic Forest",2
"Delissea waianaeensis","http://nativeplants.hawaii.edu/plant/view/Delissea_waianaeensis","Wet Forest | Mesic Forest",2
"Dianella sandwicensis","http://nativeplants.hawaii.edu/plant/view/Dianella_sandwicensis","Wet Forest | Mesic Forest | Dry Forest | Wet Shrubland | Mesic Shrubland | Dry Shrubland | Wet Grassland | Mesic Grassland | Dry Grassland",9
"Diospyros hillebrandii","http://nativeplants.hawaii.edu/plant/view/Diospyros_hillebrandii","Wet Forest | Mesic Forest",2
"Diospyros sandwicensis","http://nativeplants.hawaii.edu/plant/view/Diospyros_sandwicensis","Wet Forest | Mesic Forest",2
"Dodonaea viscosa","http://nativeplants.hawaii.edu/plant/view/Dodonaea_viscosa","Wet Forest | Mesic Forest | Wet Shrubland | Mesic Shrubland | Coastal Strand",5
"Dryopteris fusco-atra","http://nativeplants.hawaii.edu/plant/view/Dryopteris_fusco-atra","Wet Forest",1
"Eleocharis erythropoda","http://nativeplants.hawaii.edu/plant/view/Eleocharis_erythropoda","Wetland",1
"Eleocharis obtusa","http://nativeplants.hawaii.edu/plant/view/Eleocharis_obtusa","Wetland",1
"Eragrostis atropioides","http://nativeplants.hawaii.edu/plant/view/Eragrostis_atropioides","",0
"Eragrostis grandis","http://nativeplants.hawaii.edu/plant/view/Eragrostis_grandis","Wet Forest | Mesic Forest | Wet Grassland | Mesic Grassland",4
"Eragrostis paupera","http://nativeplants.hawaii.edu/plant/view/Eragrostis_paupera","",0
"Eragrostis variabilis","http://nativeplants.hawaii.edu/plant/view/Eragrostis_variabilis","Dry Forest | Dry Grassland | Coastal Strand",3
"Erythrina sandwicensis","http://nativeplants.hawaii.edu/plant/view/Erythrina_sandwicensis","Dry Forest",1
"Eugenia koolauensis","http://nativeplants.hawaii.edu/plant/view/Eugenia_koolauensis","",0
"Eugenia reinwardtiana","http://nativeplants.hawaii.edu/plant/view/Eugenia_reinwardtiana","Wet Forest | Mesic Forest",2
"Euphorbia celastroides","http://nativeplants.hawaii.edu/plant/view/Euphorbia_celastroides","Wet Forest | Mesic Forest | Wet Grassland | Mesic Grassland | Coastal Strand",5
"Euphorbia celastroides var. amplectens","http://nativeplants.hawaii.edu/plant/view/Euphorbia_celastroides_amplectens","",0
"Euphorbia celastroides var. celastroides","http://nativeplants.hawaii.edu/plant/view/Euphorbia_celastroides_celastroides","",0
"Euphorbia celastroides var. kaenana","http://nativeplants.hawaii.edu/plant/view/Euphorbia_celastroides_kaenana","Dry Shrubland",1
"Euphorbia celastroides var. lorifolia","http://nativeplants.hawaii.edu/plant/view/Euphorbia_celastroides_lorifolia","Wet Forest | Mesic Forest | Coastal Strand",3
"Euphorbia celastroides var. stokesii","http://nativeplants.hawaii.edu/plant/view/Euphorbia_celastroides_stokesii","",0
"Euphorbia degeneri","http://nativeplants.hawaii.edu/plant/view/Euphorbia_degeneri","Coastal Strand",1
"Euphorbia skottsbergii","http://nativeplants.hawaii.edu/plant/view/Euphorbia_skottsbergii","Dry Shrubland | Coastal Strand",2
"Euphorbia skottsbergii var. kalaeloana","http://nativeplants.hawaii.edu/plant/view/Euphorbia_skottsbergii_skottsbergii","Coastal Strand",1
"Fimbristylis cymosa","http://nativeplants.hawaii.edu/plant/view/Fimbristylis_cymosa","Coastal Strand",1
"Fimbristylis cymosa subsp. umbello-capitata","http://nativeplants.hawaii.edu/plant/view/Fimbristylis_cymosa_umbellato-capitata","Coastal Strand",1
"Fimbristylis dichotoma","http://nativeplants.hawaii.edu/plant/view/Fimbristylis_dichotoma","Wet Forest | Mesic Forest",2
"Freycinetia arborea","http://nativeplants.hawaii.edu/plant/view/Freycinetia_arborea","Wet Forest | Mesic Forest",2
"Gardenia brighamii","http://nativeplants.hawaii.edu/plant/view/Gardenia_brighamii","",0
"Gossypium tomentosum","http://nativeplants.hawaii.edu/plant/view/Gossypium_tomentosum","Dry Forest | Coastal Strand",2
"Gouania vitifolia","http://nativeplants.hawaii.edu/plant/view/Gouania_vitifolia","",0
"Haplostachys haplostachya","http://nativeplants.hawaii.edu/plant/view/Haplostachys_haplostachya","",0
"Heliotropium anomalum var. argenteum","http://nativeplants.hawaii.edu/plant/view/Heliotropium_anomalum_argenteum","Coastal Strand",1
"Heteropogon contortus","http://nativeplants.hawaii.edu/plant/view/Heteropogon_contortus","",0
"Hibiscus arnottianus","http://nativeplants.hawaii.edu/plant/view/Hibiscus_arnottianus","Wet Forest | Mesic Forest",2
"Hibiscus arnottianus subsp. arnottianus","http://nativeplants.hawaii.edu/plant/view/Hibiscus_arnottianus_arnottianus","Wet Forest | Mesic Forest",2
"Hibiscus arnottianus subsp. immaculatus","http://nativeplants.hawaii.edu/plant/view/Hibiscus_arnottianus_immaculatus","Wet Forest | Mesic Forest",2
"Hibiscus arnottianus subsp. punaluuensis","http://nativeplants.hawaii.edu/plant/view/Hibiscus_arnottianus_punaluuensis","Wet Forest | Mesic Forest",2
"Hibiscus brackenridgei","http://nativeplants.hawaii.edu/plant/view/Hibiscus_brackenridgei","Dry Forest | Dry Shrubland",2
"Hibiscus brackenridgei subsp. brackenridgei","http://nativeplants.hawaii.edu/plant/view/Hibiscus_brackenridgei_brackenridgei","Dry Forest | Dry Shrubland",2
"Hibiscus brackenridgei subsp. mokuleianus","http://nativeplants.hawaii.edu/plant/view/Hibiscus_brackenridgei_mokuleianus","Dry Forest | Dry Shrubland",2
"Hibiscus brackenridgei subsp. molokaiana","http://nativeplants.hawaii.edu/plant/view/Hibiscus_brackenridgei_molokaiana","Dry Shrubland",1
"Hibiscus clayi","http://nativeplants.hawaii.edu/plant/view/Hibiscus_clayi","Dry Forest",1
"Hibiscus furcellatus","http://nativeplants.hawaii.edu/plant/view/Hibiscus_furcellatus","Wet Forest | Wetland",2
"Hibiscus kokio","http://nativeplants.hawaii.edu/plant/view/Hibiscus_kokio","Wet Forest | Mesic Forest",2
"Hibiscus kokio subsp. kokio","http://nativeplants.hawaii.edu/plant/view/Hibiscus_kokio_kokio","Wet Forest",1
"Hibiscus kokio subsp. saintjohnianus","http://nativeplants.hawaii.edu/plant/view/Hibiscus_kokio_saintjohnianus","Wet Forest | Mesic Forest",2
"Hibiscus waimeae","http://nativeplants.hawaii.edu/plant/view/Hibiscus_waimeae","",0
"Hibiscus waimeae subsp. hannerae","http://nativeplants.hawaii.edu/plant/view/Hibiscus_waimeae_hannerae","",0
"Hibiscus waimeae subsp. waimeae","http://nativeplants.hawaii.edu/plant/view/Hibiscus_waimeae_waimeae","Wet Forest | Mesic Forest",2
"Ilex anomala","http://nativeplants.hawaii.edu/plant/view/Ilex_anomala","Wet Forest | Mesic Forest | Wetland",3
"Ipomoea imperati","http://nativeplants.hawaii.edu/plant/view/Ipomoea_imperati","Coastal Strand",1
"Ipomoea pes-caprae subsp. brasiliensis","http://nativeplants.hawaii.edu/plant/view/Ipomoea_pes-caprae_brasiliensis","Wetland | Coastal Strand",2
"Ipomoea tuboides","http://nativeplants.hawaii.edu/plant/view/Ipomoea_tuboides","Dry Forest | Dry Shrubland",2
"Jacquemontia sandwicensis","http://nativeplants.hawaii.edu/plant/view/Jacquemontia_sandwicensis","Coastal Strand",1
"Kadua acuminata","http://nativeplants.hawaii.edu/plant/view/Kadua_acuminata","Wet Forest | Mesic Forest",2
"Kadua affinis","http://nativeplants.hawaii.edu/plant/view/Kadua_affinis","Wet Forest | Mesic Forest | Wet Shrubland | Mesic Shrubland | Wetland",5
"Kokia drynarioides","http://nativeplants.hawaii.edu/plant/view/Kokia_drynarioides","",0
"Lepidium bidentatum var. o-waihiense","http://nativeplants.hawaii.edu/plant/view/Lepidium_bidentatum_o-waihiense","",0
"Leptecophylla tameiameiae","http://nativeplants.hawaii.edu/plant/view/Leptecophylla_tameiameiae","Mesic Forest | Mesic Shrubland | Wetland",3
"Lipochaeta connata subsp. acris","http://nativeplants.hawaii.edu/plant/view/Lipochaeta_connata_acris","Dry Forest",1
"Lipochaeta integrifolia","http://nativeplants.hawaii.edu/plant/view/Melanthera_integrifolia","Coastal Strand",1
"Lycium sandwicense","http://nativeplants.hawaii.edu/plant/view/Lycium_sandwicense","Coastal Strand",1
"Lysimachia glutinosa","http://nativeplants.hawaii.edu/plant/view/Lysimachia_glutinosa","Wet Forest | Mesic Forest",2
"Lysimachia mauritiana","http://nativeplants.hawaii.edu/plant/view/Lysimachia_mauritiana","Coastal Strand",1
"Marsilea villosa","http://nativeplants.hawaii.edu/plant/view/Marsilea_villosa","",0
"Index of /plant/view/Metrosideros_macropus/","http://nativeplants.hawaii.edu/plant/view/Metrosideros_macropus","",0
"Metrosideros polymorpha","http://nativeplants.hawaii.edu/plant/view/Metrosideros_polymorpha","Wet Forest | Mesic Forest | Dry Forest | Wet Shrubland | Mesic Shrubland | Dry Shrubland | Wetland | Coastal Strand",8
"Metrosideros tremuloides","http://nativeplants.hawaii.edu/plant/view/Metrosideros_tremuloides","Wet Forest | Mesic Forest",2
"Mezoneuron kavaiense","http://nativeplants.hawaii.edu/plant/view/Mezoneuron_kavaiense","Dry Forest",1
"Microlepia speluncae","http://nativeplants.hawaii.edu/plant/view/Microlepia_speluncae","Wet Forest | Mesic Forest",2
"Microlepia strigosa var. strigosa","http://nativeplants.hawaii.edu/plant/view/Microlepia_strigosa_strigosa","",0
"Myoporum sandwicense","http://nativeplants.hawaii.edu/plant/view/Myoporum_sandwicense","Wet Forest | Mesic Forest | Coastal Strand",3
"Myoporum stellatum","http://nativeplants.hawaii.edu/plant/view/Myoporum_stellatum","Coastal Strand",1
"Myrsine lessertiana","http://nativeplants.hawaii.edu/plant/view/Myrsine_lessertiana","Wet Forest | Mesic Forest | Wet Shrubland | Mesic Shrubland",4
"Nephrolepis cordifolia","http://nativeplants.hawaii.edu/plant/view/Nephrolepis_cordifolia","Wet Forest | Mesic Forest",2
"Nephrolepis exaltata subsp. hawaiiensis","http://nativeplants.hawaii.edu/plant/view/Nephrolepis_exaltata_hawaiiensis","Mesic Forest",1
"Nestegis sandwicensis","http://nativeplants.hawaii.edu/plant/view/Nestegis_sandwicensis","Wet Forest | Mesic Forest",2
"Nototrichium divaricatum","http://nativeplants.hawaii.edu/plant/view/Nototrichium_divaricatum","Mesic Shrubland",1
"Nototrichium humile","http://nativeplants.hawaii.edu/plant/view/Nototrichium_humile","",0
"Nototrichium sandwicense","http://nativeplants.hawaii.edu/plant/view/Nototrichium_sandwicense","Dry Forest",1
"Ochrosia compta","http://nativeplants.hawaii.edu/plant/view/Ochrosia_compta","Wet Forest | Mesic Forest",2
"Ochrosia haleakalae","http://nativeplants.hawaii.edu/plant/view/Ochrosia_haleakalae","Wet Forest | Mesic Forest",2
"Osteomeles anthyllidifolia","http://nativeplants.hawaii.edu/plant/view/Osteomeles_anthyllidifolia","Wet Forest | Mesic Forest | Wet Shrubland | Mesic Shrubland | Coastal Strand",5
"Pandanus tectorius","http://nativeplants.hawaii.edu/plant/view/Pandanus_tectorius","Coastal Strand",1
"Peperomia blanda var. floribunda","http://nativeplants.hawaii.edu/plant/view/Peperomia_blanda_floribunda","Wet Forest | Mesic Forest",2
"Peperomia sandwicensis","http://nativeplants.hawaii.edu/plant/view/Peperomia_sandwicensis","Wet Forest | Mesic Forest",2
"Peperomia tetraphylla","http://nativeplants.hawaii.edu/plant/view/Peperomia_tetraphylla","Wet Forest | Mesic Forest",2
"Phytolacca sandwicensis","http://nativeplants.hawaii.edu/plant/view/Phytolacca_sandwicensis","Wet Forest | Mesic Forest",2
"Pipturus albidus","http://nativeplants.hawaii.edu/plant/view/Pipturus_albidus","Wet Forest | Mesic Forest | Wet Shrubland | Mesic Shrubland",4
"Pisonia sandwicensis","http://nativeplants.hawaii.edu/plant/view/Pisonia_sandwicensis","Wet Forest | Mesic Forest",2
"Pisonia umbellifera","http://nativeplants.hawaii.edu/plant/view/Pisonia_umbellifera","Wet Forest | Mesic Forest",2
"Pittosporum confertiflorum","http://nativeplants.hawaii.edu/plant/view/Pittosporum_confertiflorum","Wet Forest",1
"Pittosporum glabrum","http://nativeplants.hawaii.edu/plant/view/Pittosporum_glabrum","Wet Forest | Mesic Forest | Wetland",3
"Pittosporum hosmeri","http://nativeplants.hawaii.edu/plant/view/Pittosporum_hosmeri","Wet Forest | Mesic Forest",2
"Planchonella sandwicensis","http://nativeplants.hawaii.edu/plant/view/Planchonella_sandwicensis","Wet Forest | Mesic Forest",2
"Plectranthus parviflorus","http://nativeplants.hawaii.edu/plant/view/Plectranthus_parviflorus","",0
"Plumbago zeylanica","http://nativeplants.hawaii.edu/plant/view/Plumbago_zeylanica","Dry Forest | Dry Shrubland | Coastal Strand",3
"Polyscias hawaiensis","http://nativeplants.hawaii.edu/plant/view/Polyscias_hawaiensis","Wet Forest | Mesic Forest",2
"Polyscias racemosa","http://nativeplants.hawaii.edu/plant/view/Polyscias_racemosa","Wet Forest | Mesic Forest | Wet Shrubland | Mesic Shrubland | Wet Grassland | Mesic Grassland | Coastal Strand",7
"Polyscias sandwicensis","http://nativeplants.hawaii.edu/plant/view/Polyscias_sandwicensis","Wet Forest | Mesic Forest",2
"Portulaca lutea","http://nativeplants.hawaii.edu/plant/view/Portulaca_lutea","Coastal Strand",1
"Portulaca molokiniensis","http://nativeplants.hawaii.edu/plant/view/Portulaca_molokiniensis","Coastal Strand",1
"Portulaca villosa","http://nativeplants.hawaii.edu/plant/view/Portulaca_villosa","",0
"Pritchardia arecina","http://nativeplants.hawaii.edu/plant/view/Pritchardia_arecina","Wet Forest",1
"Pritchardia beccariana","http://nativeplants.hawaii.edu/plant/view/Pritchardia_beccariana","Wet Forest",1
"Pritchardia forbesiana","http://nativeplants.hawaii.edu/plant/view/Pritchardia_forbesiana","",0
"Pritchardia glabrata","http://nativeplants.hawaii.edu/plant/view/Pritchardia_glabrata","",0
"Pritchardia hardyi","http://nativeplants.hawaii.edu/plant/view/Pritchardia_hardyi","Wet Forest",1
"Pritchardia hillebrandii","http://nativeplants.hawaii.edu/plant/view/Pritchardia_hillebrandii","",0
"Pritchardia lowreyana","http://nativeplants.hawaii.edu/plant/view/Pritchardia_lowreyana","",0
"Pritchardia martii","http://nativeplants.hawaii.edu/plant/view/Pritchardia_martii","Wet Forest | Mesic Forest",2
"Pritchardia minor","http://nativeplants.hawaii.edu/plant/view/Pritchardia_minor","Wet Forest | Mesic Forest | Wetland",3
"Pritchardia munroi","http://nativeplants.hawaii.edu/plant/view/Pritchardia_munroi","Dry Forest",1
"Pritchardia remota","http://nativeplants.hawaii.edu/plant/view/Pritchardia_remota","",0
"Pritchardia schattaueri","http://nativeplants.hawaii.edu/plant/view/Pritchardia_schattaueri","",0
"Psilotum complanatum","http://nativeplants.hawaii.edu/plant/view/Psilotum_complanatum","Wet Forest | Mesic Forest",2
"Psilotum nudum","http://nativeplants.hawaii.edu/plant/view/Psilotum_nudum","",0
"Psychotria mariniana","http://nativeplants.hawaii.edu/plant/view/Psychotria_mariniana","Wet Forest",1
"Psydrax odorata","http://nativeplants.hawaii.edu/plant/view/Psydrax_odorata","Wet Forest | Mesic Forest | Wet Shrubland | Mesic Shrubland",4
"Pteridium aquilinum subsp. decompositum","http://nativeplants.hawaii.edu/plant/view/Pteridium_aquilinum_decompositum","Mesic Forest | Mesic Shrubland | Mesic Grassland",3
"Rauvolfia sandwicensis","http://nativeplants.hawaii.edu/plant/view/Rauvolfia_sandwicensis","Wet Forest | Mesic Forest | Dry Forest | Wet Shrubland | Mesic Shrubland | Dry Shrubland",6
"Rhus sandwicensis","http://nativeplants.hawaii.edu/plant/view/Rhus_sandwicensis","",0
"Rubus hawaiensis","http://nativeplants.hawaii.edu/plant/view/Rubus_hawaiensis","Wet Forest | Mesic Forest",2
"Santalum ellipticum","http://nativeplants.hawaii.edu/plant/view/Santalum_ellipticum","Wet Forest",1
"Santalum freycinetianum","http://nativeplants.hawaii.edu/plant/view/Santalum_freycinetianum","Mesic Forest | Dry Forest",2
"Santalum haleakalae var. haleakalae","http://nativeplants.hawaii.edu/plant/view/Santalum_haleakalae_haleakalae","",0
"Santalum paniculatum var. paniculatum","http://nativeplants.hawaii.edu/plant/view/Santalum_paniculatum_paniculatum","Wet Forest",1
"Santalum paniculatum var. pilgeri","http://nativeplants.hawaii.edu/plant/view/Santalum_paniculatum_pilgeri","Wet Forest",1
"Santalum pyrularium","http://nativeplants.hawaii.edu/plant/view/Santalum_pyrularium","Wet Forest | Mesic Forest",2
"Sapindus oahuensis","http://nativeplants.hawaii.edu/plant/view/Sapindus_oahuensis","Mesic Forest | Dry Forest",2
"Sapindus saponaria var. saponaria","http://nativeplants.hawaii.edu/plant/view/Sapindus_saponaria","Wet Forest | Mesic Forest",2
"Scaevola chamissoniana","http://nativeplants.hawaii.edu/plant/view/Scaevola_chamissoniana","Wet Forest",1
"Scaevola coriacea","http://nativeplants.hawaii.edu/plant/view/Scaevola_coriacea","Coastal Strand",1
"Scaevola gaudichaudiana","http://nativeplants.hawaii.edu/plant/view/Scaevola_gaudichaudiana","Wet Forest",1
"Scaevola gaudichaudii","http://nativeplants.hawaii.edu/plant/view/Scaevola_gaudichaudii","Wet Forest",1
"Scaevola taccada","http://nativeplants.hawaii.edu/plant/view/Scaevola_sericea","Coastal Strand",1
"Schiedea globosa","http://nativeplants.hawaii.edu/plant/view/Schiedea_globosa","Coastal Strand",1
"Schiedea hookeri","http://nativeplants.hawaii.edu/plant/view/Schiedea_hookeri","Wet Forest | Mesic Forest",2
"Schiedea kaalae","http://nativeplants.hawaii.edu/plant/view/Schiedea_kaalae","Wet Forest | Mesic Forest",2
"Schiedea membranacea","http://nativeplants.hawaii.edu/plant/view/Schiedea_membranacea","Wet Forest | Mesic Forest",2
"Schoenoplectiella juncoides","http://nativeplants.hawaii.edu/plant/view/Schoenoplectiella_juncoides","Wet Forest | Wetland",2
"Schoenoplectus tabernaemontani","http://nativeplants.hawaii.edu/plant/view/Schoenoplectus_tabernaemontani","Wetland",1
"Selaginella arbuscula","http://nativeplants.hawaii.edu/plant/view/Selaginella_arbuscula","",0
"Senna gaudichaudii","http://nativeplants.hawaii.edu/plant/view/Senna_gaudichaudii","Wet Forest | Mesic Forest",2
"Sesbania tomentosa","http://nativeplants.hawaii.edu/plant/view/Sesbania_tomentosa","Coastal Strand",1
"Sesuvium portulacastrum","http://nativeplants.hawaii.edu/plant/view/Sesuvium_portulacastrum","Coastal Strand",1
"Sida fallax","http://nativeplants.hawaii.edu/plant/view/Sida_fallax","Wet Forest | Mesic Forest | Dry Forest",3
"Sideroxylon polynesicum","http://nativeplants.hawaii.edu/plant/view/Sideroxylon_polynesicum","Dry Forest",1
"Sisyrinchium acre","http://nativeplants.hawaii.edu/plant/view/Sisyrinchium_acre","Wetland",1
"Solanum americanum","http://nativeplants.hawaii.edu/plant/view/Solanum_americanum","",0
"Solanum nelsonii","http://nativeplants.hawaii.edu/plant/view/Solanum_nelsonii","Coastal Strand",1
"Sophora chrysophylla","http://nativeplants.hawaii.edu/plant/view/Sophora_chrysophylla","Wet Forest | Mesic Forest",2
"Sphenomeris chinensis","http://nativeplants.hawaii.edu/plant/view/Sphenomeris_chinensis","Wet Forest | Mesic Forest | Wet Shrubland | Mesic Shrubland | Wet Grassland | Mesic Grassland",6
"Sporobolus virginicus","http://nativeplants.hawaii.edu/plant/view/Sporobolus_virginicus","Coastal Strand",1
"Syzygium sandwicense","http://nativeplants.hawaii.edu/plant/view/Syzygium_sandwicense","Wet Forest | Mesic Forest | Wetland",3
"Tetramolopium filiforme","http://nativeplants.hawaii.edu/plant/view/Tetramolopium_filiforme","",0
"Thespesia populnea","http://nativeplants.hawaii.edu/plant/view/Thespesia_populnea","Coastal Strand",1
"Tribulus cistoides","http://nativeplants.hawaii.edu/plant/view/Tribulus_cistoides","Coastal Strand",1
"Vaccinium calycinum","http://nativeplants.hawaii.edu/plant/view/Vaccinium_calycinum","Wet Forest | Wetland",2
"Vigna marina","http://nativeplants.hawaii.edu/plant/view/Vigna_marina","Coastal Strand",1
"Vigna o-wahuensis","http://nativeplants.hawaii.edu/plant/view/Vigna_o-wahuensis","Dry Shrubland | Dry Grassland",2
"Vitex rotundifolia","http://nativeplants.hawaii.edu/plant/view/Vitex_rotundifolia","Coastal Strand",1
"Wikstroemia monticola","http://nativeplants.hawaii.edu/plant/view/Wikstroemia_monticola","Dry Shrubland",1
"Wikstroemia oahuensis","http://nativeplants.hawaii.edu/plant/view/Wikstroemia_oahuensis","Wet Forest | Mesic Forest | Wetland",3
"Wikstroemia phillyreifolia","http://nativeplants.hawaii.edu/plant/view/Wikstroemia_phillyreifolia","Wet Forest | Mesic Forest | Dry Forest | Wet Shrubland | Mesic Shrubland | Dry Shrubland",6
"Wikstroemia uva-ursi","http://nativeplants.hawaii.edu/plant/view/Wikstroemia_uva-ursi","Coastal Strand",1
"Wilkesia gymnoxiphium","http://nativeplants.hawaii.edu/plant/view/Wilkesia_gymnoxiphium","Wet Forest | Mesic Forest",2
